id,taste,receptor_name,uniprot_id
1,Umami,mGluR4,Q14833
2,Umami,mGluR1,Q13255
3,Bitter,TAS2R1,Q9NYW7
4,Bitter,TAS2R3,Q9NYW6
5,Bitter,TAS2R4,Q9NYW5
6,Bitter,TAS2R5,Q9NYW4
7,Bitter,TAS2R7,Q9NYW3
8,Bitter,TAS2R8,Q9NYW2
9,Bitter,TAS2R9,Q9NYW1
10,Bitter,TAS2R10,Q9NYW0
11,Bitter,TAS2R13,Q9NYV9
12,Bitter,TAS2R14,Q9NYV8
13,Bitter,TAS2R16,Q9NYV7
14,Bitter,TAS2R19,P59542
15,Bitter,TAS2R20,P59543
16,Bitter,TAS2R30,P59541
17,Bitter,TAS2R31,P59538
18,Bitter,TAS2R38,P59533
19,Bitter,TAS2R39,P59534
20,Bitter,TAS2R40,P59535
21,Bitter,TAS2R41,P59536
22,Bitter,TAS2R42,Q7RTR8
23,Bitter,TAS2R43,P59537
24,Bitter,TAS2R45,P59539
25,Bitter,TAS2R46,P59540
26,Bitter,TAS2R50,P59544
27,Bitter,TAS2R60,P59551
28,Sweet,TAS1R1,Q7RTX1
29,Sweet,TAS1R2,Q8TE23
30,Sweet,TAS1R3,Q7RTX0
31,Sour,PKD2L1,Q9P0L9
32,Sour,HCN1,O60741
33,Sour,HCN4,Q9Y3Q4
34,odor,"OR1F1 OLFMF OR1F10 OR1F4 OR1F5 OR1F6 OR1F7 OR1F8 OR1F9",O43749
35,odor,"OR1D2 OLFR1",P34982
36,odor,"OR1E1 OR1E5 OR1E6 OR1E9P",P30953
37,odor,"OR3A3 OR3A6 OR3A7 OR3A8P",P47888
38,odor,"OR1Q1 OR1Q2 OR1Q3",Q15612
39,odor,"OR2B6 OR2B1 OR2B1P OR2B5 OR2B6P",P58173
40,odor,"OR2C3 OR2C4 OR2C5P",Q8N628
41,odor,"OR2A4 OR2A10",O95047
42,odor,GNAL,P38405
43,odor,"OR2F1 OLF3 OR2F3 OR2F3P OR2F4 OR2F5",Q13607
44,odor,"OR2H1 OR2H6 OR2H8",Q9GZK4
45,odor,"OR8D1 OR8D3",Q8WZ84
46,odor,"OR2H2 FAT11 OLFR2 OR2H3",O95918
47,odor,"OR7D4 OR7D4P",Q8NG98
48,odor,"OR7C1 OR7C4",O76099
49,odor,"OR6A2 OR6A1 OR6A2P",O95222
50,odor,"OR10C1 OR10C2",Q96KK4
51,odor,"OR9G1 OR9G5",Q8NH87
52,odor,"OR3A4P OR3A4 OR3A5P",P47883
53,odor,"OR10A5 OR10A1",Q9H207
54,odor,"OR1L1 OR1L2",Q8NH94
55,odor,OR2J3,O76001
56,odor,OR13F1,Q8NGS4
57,odor,"OR1J2 OR1J3 OR1J5",Q8NGS2
58,odor,"OR2D2 OR2D1",Q9H210
59,odor,"OR2C1 OR2C2P",O95371
60,odor,"CNGA2 CNCA CNCA1 CNCG2",Q16280
61,odor,GFY,I3L273
62,odor,"OR10A2 OR10A2P",Q9H208
63,odor,"OR10AD1 OR10AD1P",Q8NGE0
64,odor,OR10G4,Q8NGN3
65,odor,"OR10G9 OR10G10P",Q8NGN4
66,odor,OR10H2,O60403
67,odor,OR10H4,Q8NGA5
68,odor,"OR10J3 OR10J3P",Q5JRS4
69,odor,OR10R2,Q8NGX6
70,odor,"OR11H2 C14orf15 OR11H2P",Q8NH07
71,odor,"OR11H7 OR11H7P",Q8NGC8
72,odor,OR13C3,Q8NGS6
73,odor,OR13C8,Q8NGS7
74,odor,OR13H1,Q8NG92
75,odor,"OR14A16 OR5AT1",Q8NHC5
76,odor,"OR14J1 OR5U1",Q9UGF5
77,odor,"OR51F1 OR51F1P",A6NGY5
78,odor,OR51G2,Q8NGK0
79,odor,OR51I2,Q9H344
80,odor,OR51Q1,Q8NH59
81,odor,"OR52A4P OR52A4",A6NMU1
82,odor,OR52J3,Q8NH60
83,odor,"OR52L2P OR52L2",Q8NGH6
84,odor,OR52N5,Q8NH56
85,odor,"OR52Z1 OR52Z1P",P0C646
86,odor,"OR56A3 OR56A3P OR56A6",Q8NH54
87,odor,OR56A4,Q8NGH8
88,odor,OR5AK2,Q8NH90
89,odor,OR6C65,A6NJZ3
90,odor,"OR7E24 OR7E24P",Q6IFN5
91,odor,OR4A15,Q8NGL6
92,odor,OR4C46,A6NHA9
93,odor,"OR4F17 OR4F11P OR4F18 OR4F19",Q8NGA8
94,odor,OR51A4,Q8NGJ6
95,odor,"OR51B2 OR51B1P",Q9Y5P1
96,odor,OR51B5,Q9H339
97,odor,OR51M1,Q9H341
98,odor,OR51S1,Q8NGJ8
99,odor,"OR51V1 OR51A12",Q9H2C8
100,odor,OR52A5,Q9H2C5
101,odor,OR52B4,Q8NGK2
102,odor,"OR52E1 OR52E1P",Q8NGJ3
103,odor,OR52E4,Q8NGH9
104,odor,OR52E6,Q96RD3
105,odor,OR52H1,Q8NGJ2
106,odor,OR52K2,Q8NGK3
107,odor,"OR52M1 OR52M1P",Q8NGK5
108,odor,OR52N2,Q8NGI0
109,odor,"OR52P1P OR52P1",Q8NH57
110,odor,"OR52W1 OR52W1P",Q6IF63
111,odor,OR56A1,Q8NGH5
112,odor,"OR5AK3P OR5AK3",Q8NH89
113,odor,OR5AP2,Q8NGF4
114,odor,OR5AU1,Q8NGC0
115,odor,OR6C68,A6NDL8
116,odor,OR6C76,A6NM76
117,odor,OR11H4,Q8NGC9
118,odor,OR11H12,B2RN74
119,odor,"OR12D1 OR12D1P",P0DN82
120,odor,OR12D3,Q9UGF7
121,odor,OR13C5,Q8NGS8
122,odor,OR13C9,Q8NGT0
123,odor,"OR14A2 OR5AX1 OR5AX1P",Q96R54
124,odor,"OR14K1 OR5AY1",Q8NGZ2
125,odor,"OR2A12 OR2A12P",Q8NGT7
126,odor,"OR2A25 OR2A25P OR2A27",A4D2G3
127,odor,"OR2AK2 OR2AK1P",Q8NG84
128,odor,OR2T11,Q8NH01
129,odor,OR2T27,Q8NH04
130,odor,OR2T33,Q8NG76
131,odor,OR2L3,Q8NG85
132,odor,OR2S2,Q9NQN1
133,odor,OR2M7,Q8NG81
134,odor,OR2T3,Q8NH03
135,odor,OR4K14,Q8NGD5
136,odor,OR4M1,Q8NGD0
137,odor,OR4N4,Q8N0Y3
138,odor,"OR5A1 OR5A1P",Q8NGJ0
139,odor,"OR5B3 OR5B13",Q8NH48
140,odor,OR5B21,A6NL26
141,odor,OR5D14,Q8NGL3
142,odor,OR5F1,O95221
143,odor,OR5H6,Q8NGV6
144,odor,"OR5I1 OLF1",Q13606
145,odor,OR5K2,Q8NHB8
146,odor,OR5L2,Q8NGL0
147,odor,OR5M8,Q8NGP6
148,odor,OR5M11,Q96RB7
149,odor,"OR5W2 OR5W2P OR5W3P",Q8NH69
150,odor,OR6C1,Q96RD1
151,odor,OR6C6,A6NF89
152,odor,OR6P1,Q8NGX9
153,odor,OR10A7,Q8NGE5
154,odor,"OR10D3 OR10D3P",Q8NH80
155,odor,OR10G2,Q8NGC3
156,odor,"OR10G6 OR10G6P",Q8NH81
157,odor,OR10G8,Q8NGN5
158,odor,OR10H1,Q9Y4A9
159,odor,OR10H3,O60404
160,odor,OR10J1,P30954
161,odor,OR10K1,Q8NGX5
162,odor,OR10T2,Q8NGX3
163,odor,"OR11A1 OR11A2",Q9GZK7
164,odor,OR13A1,Q8NGR1
165,odor,"OR2AG2 OR2AG2P",A6NM03
166,odor,OR2T34,Q8NGX1
167,odor,OR56B4,Q8NH76
168,odor,"OR1E2 OR1E4",P47887
169,odor,OR1L3,Q8NH93
170,odor,OR1N2,Q8NGR9
171,odor,OR1S2,Q8NGQ3
172,odor,"OR2B8P OR2B8",P59922
173,odor,OR2F2,O95006
174,odor,OR2G6,Q5TZ20
175,odor,"OR2I1P OR2I2 OR2I3P OR2I4P",Q8NGU4
176,odor,OR2J2,O76002
177,odor,OR2L8,Q8NGY9
178,odor,"OR2M3 OR2M3P OR2M6",Q8NG83
179,odor,OR2T1,O43869
180,odor,OR2T5,Q6IEZ7
181,odor,OR2V1,Q8NHB1
182,odor,"OR2W3 OR2W3P OR2W8P",Q7Z3T1
183,odor,OR2Y1,Q8NGV0
184,odor,"OR3A1 OLFRA03",P47881
185,odor,OR6F1,Q8NGZ6
186,odor,OR6K3,Q8NGY3
187,odor,OR6N1,Q8NGY5
188,odor,OR8K1,Q8NGG5
189,odor,OR8S1,Q8NH09
190,odor,OR9A4,Q8NGU2
191,odor,"OR10J6P OR10J6",Q8NGY7
192,odor,OR10K2,Q6IF99
193,odor,OR10V1,Q8NGI7
194,odor,OR10Z1,Q8NGY1
195,odor,OR13C6P,Q8NH95
196,odor,OR13J1,Q8NGT2
197,odor,"OR2A14 OR2A14P OR2A6",Q96R47
198,odor,"OR2AG1 OR2AG3",Q9H205
199,odor,"OR2AP1 OR2AP1P",Q8NGE2
200,odor,OR2T10,Q8NGZ9
201,odor,OR2T29,Q8NH02
202,odor,OR4A16,Q8NH70
203,odor,OR4C45,A6NMZ5
204,odor,OR4F15,Q8NGB8
205,odor,OR56B2P,Q8NGI1
206,odor,OR5AC2,Q9NZP5
207,odor,OR6C75,A6NL08
208,odor,"OR2AE1 OR2AE2",Q8NHA4
209,odor,"OR2AJ1 OR2AJ1P",Q8NGZ0
210,odor,OR2AT4,A6NND4
211,odor,OR2T12,Q8NG77
212,odor,OR2T35,Q8NGX2
213,odor,"OR5AC1 OR5AC1P",P0C628
214,odor,"OR5AL1 OR5AL1P",P0C617
215,odor,OR5AR1,Q8NGP9
216,odor,OR5H15,A6NDH6
217,odor,OR6C70,A6NIJ9
218,odor,OR1A1,Q9P1Q5
219,odor,OR1D4,P47884
220,odor,"OR1F2P OR1F2",Q96R84
221,odor,OR1M1,Q8NGA1
222,odor,OR2A7,Q96R45
223,odor,"OR2B3 OR2B3P",O76000
224,odor,"OR2L13 OR2L14",Q8N349
225,odor,OR2M4,Q96R27
226,odor,OR2T4,Q8NH00
227,odor,"OR2T8 OR2T8P",A6NH00
228,odor,"OR2W5 OR2W5P",A6NFC9
229,odor,"OR3A2 OLFRA04",P47893
230,odor,OR4A5,Q8NH83
231,odor,OR4C3,Q8NH37
232,odor,"OR4C11 OR4C11P",Q6IEV9
233,odor,OR4D2,P58180
234,odor,"OR4D11 OR4D11P",Q8NGI4
235,odor,OR4F5,Q8NH21
236,odor,"OR4K3 OR4K3P",Q96R72
237,odor,"OR4Q2 OR4Q2P",P0C623
238,odor,"OR4S2 OR4S2P",Q8NH73
239,odor,OR5B2,Q96R09
240,odor,"OR5G3 OR5G3P OR5G6P",P0C626
241,odor,"OR5H8 OR5H8P",P0DN80
242,odor,OR5K1,Q8NHB7
243,odor,"OR6B2 OR6B2P",Q6IFH4
244,odor,OR6C2,Q9NZP2
245,odor,"OR6J1 OR6J2",Q8NGC5
246,odor,OR6K2,Q8NGY2
247,odor,OR6N2,Q8NGY6
248,odor,OR6X1,Q8NH79
249,odor,OR7A10,O76100
250,odor,OR8G3P,P0DMU2
251,odor,OR8D4,Q8NGM9
252,odor,OR8H2,Q8N162
253,odor,OR8I2,Q8N0Y5
254,odor,"OR8J2 OR8J2P",Q8NGG1
255,odor,OR8U9,P0C7N5
256,odor,OR9G4,Q8NGQ1
257,odor,OR9Q1,Q8NGQ5
258,odor,OR4A47,Q6IF82
259,odor,"OR4F21 OR4F21P",O95013
260,odor,OR51B4,Q9Y5P0
261,odor,OR51D1,Q8NGF3
262,odor,"OR51E2 PSGR",Q9H255
263,odor,"OR51G1 OR51G3P",Q8NGK1
264,odor,OR51I1,Q9H343
265,odor,"OR51J1 OR51J1P OR51J2",Q9H342
266,odor,OR52B2,Q96RD2
267,odor,OR52D1,Q9H346
268,odor,OR52I1,Q8NGK6
269,odor,OR52R1,Q8NGF1
270,odor,"OR56B1 OR56B1P",Q8NGI3
271,odor,OR5AN1,Q8NGI8
272,odor,OR5AS1,Q8N127
273,odor,OR5H14,A6NHG9
274,odor,OR6C74,A6NCV1
275,odor,"OR8G2P OR8G2 OR8G4",Q6IF36
276,odor,OR10A3,P58181
277,odor,OR10A6,Q8NH74
278,odor,OR10J5,Q8NHC4
279,odor,"OR10P1 OR10P1P OR10P2P OR10P3P",Q8NGE3
280,odor,"OR10W1 OR10W1P UNQ6469/PRO34070",Q8NGF6
281,odor,OR11H1,Q8NG94
282,odor,OR13C2,Q8NGS9
283,odor,"OR13C7 OR13C7P",P0DN81
284,odor,OR13D1,Q8NGV5
285,odor,OR13G1,Q8NGZ3
286,odor,"OR14C36 OR5BF1",Q8NHC7
287,odor,"OR14L1P OR5AV1P",Q8NHC6
288,odor,OR51A2,Q8NGJ7
289,odor,OR51A7,Q8NH64
290,odor,OR51B6,Q9H340
291,odor,"OR51E1 GPR164 OR51E1P OR52A3P POGR PSGR2",Q8TCB6
292,odor,OR51F2,Q8NH61
293,odor,"OR51H1 OR51H1P",Q8NH63
294,odor,OR51L1,Q8NGJ5
295,odor,OR51T1,Q8NGJ9
296,odor,OR52A1,Q9UKL2
297,odor,OR52B6,Q8NGF0
298,odor,OR52E2,Q8NGJ4
299,odor,OR52E5,Q8NH55
300,odor,OR52E8,Q6IFG1
301,odor,OR52I2,Q8NH67
302,odor,OR52K1,Q8NGK4
303,odor,OR52L1,Q8NGH7
304,odor,OR52N1,Q8NH53
305,odor,OR52N4,Q8NGI2
306,odor,"OR56A5 OR56A5P",P0C7T3
307,odor,OR1A2,Q9Y585
308,odor,OR1B1,Q8NGR6
309,odor,OR1D5,P58170
310,odor,"OR1E3 OR1E3P",Q8WZA6
311,odor,"OR1F12 OR1F12P",Q8NHA8
312,odor,OR1J1,Q8NGS3
313,odor,OR1K1,Q8NGR3
314,odor,"OR1L4 OR1L5",Q8NGR5
315,odor,OR1L8,Q8NGR8
316,odor,"OR1P1 OR1P1P",Q8NH06
317,odor,"OR2A2 OR2A17P OR2A2P",Q6IF42
318,odor,"OR2A5 OR2A26 OR2A8",Q96R48
319,odor,"OR2B2 OR2B9",Q9GZK3
320,odor,"OR2L2 OR2L12 OR2L4P",Q8NH16
321,odor,"OR2T7 OR2T7P",P0C7T2
322,odor,OR2W1,Q9Y3N9
323,odor,OR4B1,Q8NGF8
324,odor,OR4C6,Q8NH72
325,odor,OR4C13,Q8NGP0
326,odor,OR4C16,Q8NGL9
327,odor,OR4D5,Q8NGN0
328,odor,OR4D9,Q8NGE8
329,odor,"OR4E1 OR4E1P",P0C645
330,odor,"OR4F3; OR4F16; OR4F29",Q6IEY1
331,odor,OR4K1,Q8NGD4
332,odor,OR4K13,Q8NH42
333,odor,"OR4L1 OR4L2P",Q8NH43
334,odor,OR4N2,Q8NGD1
335,odor,OR4N5,Q8IXE1
336,odor,OR4S1,Q8NGB4
337,odor,OR4X2,Q8NGF9
338,odor,OR5L1,Q8NGL2
339,odor,OR5M1,Q8NGP8
340,odor,OR5M9,Q8NGP3
341,odor,OR5P2,Q8WZ92
342,odor,OR5T2,Q8NGG2
343,odor,OR5V1,Q9UGF6
344,odor,OR6S1,Q8NH40
345,odor,"OR7A2P OR7A2 OR7A7",Q8NGA2
346,odor,"OR7G1 OR7G1P",Q8NGA0
347,odor,OR8B2,Q96RD0
348,odor,OR8B8,Q15620
349,odor,OR8D2,Q9GZM6
350,odor,"OR8G5 OR8G5P OR8G6",Q8NG78
351,odor,OR8J3,Q8NGG0
352,odor,OR8K5,Q8NH50
353,odor,OR8U1,Q8NH10
354,odor,OR9A2,Q8NGT5
355,odor,OR9I1,Q8NGQ6
356,odor,"OR9Q2 OR9Q2P",Q8NGE9
357,odor,"OR10A4 OR10A4P",Q9H209
358,odor,"OR10AC1 OR10AC1P",Q8NH08
359,odor,OR10AG1,Q8NH19
360,odor,"OR10D4P OR10D4",Q8NGN7
361,odor,OR10G3,Q8NGC4
362,odor,OR10G7,Q8NGN6
363,odor,OR10H5,Q8NGA6
364,odor,"OR10J4 OR10J4P",P0C629
365,odor,OR10Q1,Q8NGQ4
366,odor,OR10S1,Q8NGN2
367,odor,"OR10X1 OR10X1P",Q8NGY0
368,odor,OR11G2,Q8NGC1
369,odor,OR11H6,Q8NGC7
370,odor,OR11L1,Q8NGX0
371,odor,OR12D2,P58182
372,odor,OR13C4,Q8NGS5
373,odor,"OR14I1 OR5BU1 OR5BU1P",A6ND48
374,odor,OR1S1,Q8NH92
375,odor,"OR2A1; OR2A42",Q8NGT9
376,odor,OR2B11,Q5JQS5
377,odor,OR2D3,Q8NGH3
378,odor,OR2G2,Q8NGZ5
379,odor,OR6V1,Q8N148
380,odor,OR7A5,Q15622
381,odor,OR7D2,Q96RA2
382,odor,OR7G3,Q8NG95
383,odor,OR8B3,Q8NGG8
384,odor,OR8B12,Q8NGG6
385,odor,"OR8G1 OR8G1P",Q15617
386,odor,OR8H1,Q8NGG4
387,odor,OR8H3,Q8N146
388,odor,OR8J1,Q8NGP2
389,odor,OR8K3,Q8NH51
390,odor,OR8U8,P0C7N1
391,odor,"OR9A1P OR9A1",Q8NGU1
392,odor,OR9G9,P0C7N8
393,odor,OR9K2,Q8NGE7
394,odor,"OR2L5 OR2L11",Q8NG80
395,odor,OR2M2,Q96R28
396,odor,"OR2M5 OR2M5P",A3KFT3
397,odor,"OR2T2 OR2T2P",Q6IF00
398,odor,"OR2T6 OR2T6P OR2T9",Q8NHC8
399,odor,"OR2V2 OR2V3",Q96R30
400,odor,"OR2W6P OR2W7P",Q8NHA6
401,odor,"OR2Z1 OR2Z2",Q8NG97
402,odor,OR4A4P,Q8NGN8
403,odor,"OR4A8 OR4A8P",P0C604
404,odor,OR4C5,Q8NGB2
405,odor,OR4C12,Q96R67
406,odor,OR4C15,Q8NGM1
407,odor,"OR4D1 OR4D3",Q15615
408,odor,"OR4F6 OR4F12",Q8NGB9
409,odor,OR4K2,Q8NGD2
410,odor,OR4K15,Q8NH41
411,odor,OR4M2,Q8NGB6
412,odor,OR5A2,Q8NGI9
413,odor,"OR5B17 OR5B20P",Q8NGF7
414,odor,"OR5C1 OR5C2P",Q8NGR4
415,odor,OR5D16,Q8NGK9
416,odor,OR5H1,A6NKK0
417,odor,OR5K4,A6NMS3
418,odor,OR5M3,Q8NGP4
419,odor,"OR5R1 OR5R1P",Q8NH85
420,odor,OR5T3,Q8NGG3
421,odor,OR6B1,O95007
422,odor,OR6C3,Q9NZP0
423,odor,OR6Q1,Q8NGQ2
424,odor,"OR7C2 OR7C3",O60412
425,odor,OR7G2,Q8NG99
426,odor,OR8A1,Q8NGG7
427,odor,"OR8B4 OR8B4P",Q96RC9
428,odor,OMP,P47874
429,odor,OR1C1,Q15619
430,odor,"OR1G1 OR1G2",P47890
431,odor,OR1I1,O60431
432,odor,OR1J4,Q8NGS1
433,odor,"OR1L6 OR1L7",Q8NGR2
434,odor,"OR1N1 OR1N3",Q8NGS0
435,odor,OR2G3,Q8NGZ4
436,odor,"OR2J1 OR2J1P",Q9GZK6
437,odor,"OR2K2 OR2AR1P",Q8NGT1
438,odor,OR4D6,Q8NGJ1
439,odor,"OR4D10 OR4D10P",Q8NGI6
440,odor,OR4E2,Q8NGC2
441,odor,OR4F4,Q96R69
442,odor,OR4K5,Q8NGD3
443,odor,OR4K17,Q8NGC6
444,odor,"OR4P4 OR4P3P",Q8NGL7
445,odor,"OR4Q3 C14orf13 OR4Q4",Q8NH05
446,odor,OR4X1,Q8NH49
447,odor,"OR5B12 OR5B12P OR5B16",Q96R08
448,odor,OR5D13,Q8NGL4
449,odor,OR5D18,Q8NGL1
450,odor,OR5H2,Q8NGV7
451,odor,OR5J2,Q8NH18
452,odor,OR5K3,A6NET4
453,odor,OR5M10,Q6IEU7
454,odor,OR5P3,Q8WZ94
455,odor,"OR5T1 OR5T1P",Q8NG75
456,odor,"OR6B3 OR6B3P",Q8NGW1
457,odor,OR6C4,Q8NGE1
458,odor,OR6K6,Q8NGW6
459,odor,OR6M1,Q8NGM8
460,odor,OR6T1,Q8NGN1
461,odor,"OR6Y1 OR6Y2",Q8NGX8
462,odor,OR7A17,O14581
463,odor,"VN1R1 V1RL1 VNR19I1",Q9GZP7
464,odor,"OR5J2 hCG_2044299",A0A126GVP0
465,odor,"OR52A1 hCG_1992071",A0A126GVH8
466,odor,OR2J3,A0A126GWH6
467,odor,OR14J1,A0A126GW10
468,odor,OR12D2,A0A140T9F1
469,odor,"OR11A1 hCG_1748532",A0A024RCH9
470,odor,"OR1E2 hCG_1775671",A0A126GW81
471,odor,"OR13C8 hCG_1799737",A0A126GVC7
472,odor,"OR5AS1 hCG_2044294",A0A126GVD4
473,odor,OR5V1,A0A126GV99
474,odor,,Q8N164
475,odor,"OR2M5 hCG_2040518",Q8NH91
476,odor,olfr89,O95499
477,odor,hCG_39951,Q8NGY4
478,odor,"OR6P1 hCG_2044698",A0A126GV72
479,odor,,Q86SH3
480,odor,"OR8G1 hCG_2032663",A0A126GVX6
481,odor,"OR2K2 hCG_1790497",A0A0C4DFP3
482,odor,"OR4B1 hCG_2040367",A0A126GVH6
483,odor,"OR2L5 hCG_2044366",A0A126GWR8
484,odor,OR51M1,B2RNI9
485,odor,"OR2F2 hCG_20246",A0A126GV97
486,odor,"OR9Q2 hCG_2044355",A0A126GW85
487,odor,OR2J3,A0A126GWJ0
488,odor,OR10C1,A0A126GWH9
489,odor,OR2W1,A0A126GWH5
490,odor,OR2J2,A0A126GVA5
491,odor,OR10C1,A0A126GV80
492,odor,"OR10C1 hCG_1645045",Q6IFQ5
493,odor,OR2W1,A0A126GWA3
494,odor,OR2B2,A0A126GWD0
495,odor,OR2J2,A0A126GW24
496,odor,,Q86SF3
497,odor,OR4F3,Q6IFP3
498,odor,"OR11L1 hCG_18912",B9EIN8
499,odor,"OR10A7 hCG_2014374",A0A126GVR3
500,odor,,Q86SF1
501,odor,,Q86SG0
502,odor,,Q86SI3
503,odor,"OR2AP1 hCG_1648196",A0A126GVS5
504,odor,OR3A1,A0A126GVP1
505,odor,"OR2M2 hCG_1747589",A0A126GWI7
506,odor,,A0A1U9X853
507,odor,OR2H2,A0A126GV84
508,odor,"OR9G4 hCG_2040395",A0A126GVD2
509,odor,"OR8K1 hCG_2044295",A0A126GVZ6
510,odor,OR10C1,A0A140T9J0
511,odor,"OR2M7 O OR2M7 hCG_2040386",A0A126GVX9
512,odor,"OR2H1 hCG_1800160",A0A024RCM6
513,odor,OR4F15,A0A126GW41
514,odor,OR2J3,A0A126GWR6
515,odor,hCG_2044349,Q6IFD1
516,odor,OR6N1,B2RUT4
517,odor,"OR2A12 hCG_1685802 tcag7.1103",A4D2G4
518,odor,"OR10R2 hCG_39949",A0A126GVZ9
519,odor,,Q86SI8
520,odor,"OR4S1 hCG_1807712",A0A126GVU1
521,odor,"OR2J2 hCG_1748528",A0A126GVZ0
522,odor,"OR2A5 hCG_19627",B9EGX1
523,odor,"OR5AR1 hCG_2016323",A0A126GVM6
524,odor,"OR1G1 hCG_1645105",A0A126GW57
525,odor,"OR2B6 hCG_1999027",A0A126GW55
526,odor,"OR52A5 hCG_1647754",A0A126GWD2
527,odor,OR2J3,A0A126GWT2
528,odor,OR5AP2,B9EH20
529,odor,"OR3A1 hCG_1644831",A0A126GWI0
530,odor,OR4K17,A0A126GVZ4
531,odor,OR1L1,A0A0B4J1S0
532,odor,"OR2AE1 hCG_1804975",A0A126GVB7
533,odor,"OR5H6 hCG_2044421",A0A126GW86
534,odor,"OR7G2 hCG_1794757",A0A126GW43
535,odor,,Q86SG9
536,odor,"OR4D11 hCG_2044272",A0A126GVQ9
537,odor,OR2W1,A0A126GVA1
538,odor,"OR2V2 hCG_19972",A0A126GVA3
539,odor,,Q86SG8
540,odor,"OR5C1 hCG_31040",Q6IFM9
541,odor,"OR4C11 hCG_2040350",A0A126GVN6
542,odor,,Q86SE3
543,odor,OR8G2,Q8N0Y1
544,odor,"OR2T11 hCG_1644736",B9EIN4
545,odor,OR2J2,A0A126GWS4
546,odor,hCG_2044305,Q6IF40
547,odor,"OR10G3 hCG_2041507",A0A126GWE3
548,odor,"OR2M4 hCG_1643372",A0A126GV73
549,odor,"OR6C3 hCG_2044321",A0A126GW44
550,odor,OR51L1,A0A126GVJ8
551,odor,"OR2L2 hCG_2041355",A0A126GW34
552,odor,"OR5M9 hCG_2044259",A0A126GVK6
553,odor,"OR10H2 hCG_2039409",A0A126GWJ7
554,odor,"OR4A5 hCG_2044384",A0A126GWJ2
555,odor,"OR4A4 hCG_2043459 hCG_2044367",A0A126GWA7
556,odor,"OR2A14 hCG_2040516 tcag7.1232",A4D2G5
557,odor,"OR10H1 hCG_1643624",A0A126GWG6
558,odor,"OR1E5 OR1E1",A0A126GVU7
559,odor,"OR4D2 hCG_1686010",A0A126GWK0
560,odor,OR4F6,A0A126GV96
561,odor,"OR14I1 OR5BU1 hCG_2044580",B2RNZ0
562,odor,"OR6K3 hCG_39950",A0A126GW50
563,odor,"OR4E2 hCG_1647028",A0A126GVR8
564,odor,"OR52K1 hCG_1992239",A0A126GVF2
565,odor,"OR10T2 hCG_2040323",A0A126GV74
566,odor,"OR6A2 hCG_1643359",A0A126GW91
567,odor,OR12D2,A0A140T931
568,odor,"OR14A2 hCG_2040527",A0A126GWG8
569,odor,"OR4Q3 hCG_2044236",A0A126GWJ8
570,odor,,Q86SI5
571,odor,"OR6Q1 hCG_1645623",A0A126GVP6
572,odor,"OR4N5 hCG_2044309",A0A126GVN4
573,odor,"OR56B4 hCG_2033459",A0A126GVL4
574,odor,"OR4S2 hCG_2044351",A0A126GVG1
575,odor,,Q86SH1
576,odor,"OR10A6 hCG_2044388",A0A126GWS0
577,odor,OR52E4,B9EH08
578,odor,"OR10K2 hCG_2044642",A0A126GV65
579,odor,"OR1D2 hCG_2039669",A0A126GVV4
580,odor,"OR13C4 hCG_1804868",A0A126GVC9
581,odor,,Q8NGG9
582,odor,"OR5P2 hCG_1784551",A0A126GVJ7
583,odor,"OR2T5 hCG_2044340",B9EIN2
584,odor,OR1N2,A0A126GVE2
585,odor,"OR51I2 hCG_2043328",A0A126GVE9
586,odor,"OR51D1 hCG_2040513",A0A126GVM2
587,odor,OR1F12,D2XT26
588,odor,"OR8J3 hCG_41019",A0A126GVE3
589,odor,OR1Q1,B9EIK1
590,odor,"OR5AN1 hCG_2044276",A0A126GVP9
591,odor,"OR12D3 hCG_25624",D2XT27
592,odor,"OR1F1 hCG_1984382",A0A126GVR9
593,odor,"OR7C2 hCG_1779707",A0A126GVS9
594,odor,"OR4D9 hCG_2044273",A0A126GVP8
595,odor,,Q86SJ4
596,odor,"OR52I2 hCG_2040529",A0A126GWK8
597,odor,"OR10A5 hCG_1992900",Q6IFG6
598,odor,6M1-16,Q8IU63
599,odor,"OR4K13 hCG_1800595",A0A126GVS2
600,odor,"OR11H6 hCG_2044308",A0A126GVP4
601,odor,,Q86SF4
602,odor,"OR5B3 hCG_2044361",A0A126GVH3
603,odor,"OR5I1 hCG_1730362",A0A126GVE5
604,odor,"OR5AK2 hCG_1685898",A0A126GVS7
605,odor,"OR4K5 hCG_2044251",A0A126GVN5
606,odor,"OR51G1 hCG_2041338",A0A126GVF5
607,odor,OR10C1,A0A0G2JL13
608,odor,"OR13H1 hCG_1783466",A0A126GW70
609,odor,"OR2T5 OR2T29",A0A126GW61
610,odor,"OR2L13 hCG_1725377",A0A126GW96
611,odor,"OR7A5 hCG_2000909",Q17RS1
612,odor,OR14J1,A0A126GWP1
613,odor,OR12D3,A0A0G2JL33
614,odor,"OR2A25 hCG_1685803",A0A126GWI2
615,odor,"OR7A17 hCG_1779708",A0A126GVR5
616,odor,OR10C1,A0A087WY02
617,odor,"OR8H3 hCG_2044404",A0A126GVN3
618,odor,OR51F1,A6NLW9
619,odor,"OR5L1 hCG_2040388",A0A126GVL0
620,odor,"OR4N2 hCG_2044375",A0A126GVT2
621,odor,hCG_1646325,Q8NGD8
622,odor,"OR4A16 hCG_2044396",A0A126GW87
623,odor,"OR2T1 hCG_1724362",A0A126GWK9
624,odor,OR2J3,A0A126GWH1
625,odor,"GPX6 hCG_1643762",A3KN74
626,odor,,Q8NH86
627,odor,OR52D1,A0A126GVG9
628,odor,OR2A2,A0A126GWB0
629,odor,tpcr110,Q15613
630,odor,OR1L3,A0A126GVD1
631,odor,OR7G2,A0A126GVU8
632,odor,OR2M2,A0A126GWI3
633,odor,OR4K5,B9EIS6
634,odor,,A0A1U9X857
635,odor,tpcr26,Q15618
636,odor,,Q6IFE0
637,odor,OR4D10,A0A126GVJ1
638,odor,OR5H2,A0A126GW35
639,odor,OR52I1,J3KQU7
640,odor,,A0A1U9X869
641,odor,"GNAL hCG_1780858",A8K1Y9
642,odor,OR7G2,A0A126GWM0
643,odor,OR6Y1,A0A126GV60
644,odor,OR17-16,O43880
645,odor,OR2T34,A0A126GV82
646,odor,OR6Q1,B9EKW0
647,odor,,Q8NHA7
648,odor,UNQ9373,Q6UXT6
649,odor,OR52J3,A0A126GVE8
650,odor,OR8B4,A0A126GW12
651,odor,OR5M11,A0A126GVL9
652,odor,OR1J2,A0A126GW18
653,odor,OR13A1,A0A126GWF6
654,odor,OR9Q2,B9EIK5
655,odor,,Q6IF78
656,odor,OR1L6,A0A0C4DFP2
657,odor,,A0A1U9X864
658,odor,,Q8NGU0
659,odor,OR17-1,Q9UL14
660,odor,OR5T2,A0A126GVS3
661,odor,OR51V1,A0A126GWP2
662,odor,OR1F12,D2XT28
663,odor,OR51E1,A0A126GVF8
664,odor,OR2A42,A0A126GWC8
665,odor,OR2A1,H9XFA9
666,odor,OR10P1,A0A126GVQ0
667,odor,,Q8NGY8
668,odor,OR51T1,A0A126GVU3
669,odor,OR11H4,A0A126GVM1
670,odor,OR9G1,A0A126GW25
671,odor,OR2C1,A0A126GWE8
672,odor,OR2G6,A0A126GW53
673,odor,OR2B11,A0A126GWH3
674,odor,OR2J1,A0A126GWF4
675,odor,OR9G1,A0A126GVB8
676,odor,LOC105369274,A0A0G2JNH3
677,odor,OR2T4,A0A126GVU6
678,odor,OR2A25,A0A126GWG1
679,odor,OR5A1,A0A126GVF7
680,odor,OR51L1,A0A126GWC0
681,odor,OR8B8,A0A126GVL3
682,odor,OR5H2,A0A126GV88
683,odor,OR51E2,A0A126GVK0
684,odor,OR10W1,A0A126GVH2
685,odor,OR4Q3,A0A126GW32
686,odor,OR2C1,A0A126GVY6
687,odor,OR2L8,A0A126GW83
688,odor,OR7G2,A0A126GWM3
689,odor,"OR2M7 D",A0A126GW21
690,odor,,Q86UH0
691,odor,OR6K3,A0A0C4DFU5
692,odor,OR52K2,A0A126GVK8
693,odor,OR51G2,A0A126GVJ2
694,odor,OR7C1,A0A126GWS1
695,odor,OR13A1,A0A126GVD8
696,odor,OR5AC2,A0A126GW78
697,odor,OR9Q2,A0A126GVT3
698,odor,OR51B5,A0A126GWB8
699,odor,OR1S2,A0A126GVG5
700,odor,OR7G3,A0A126GVR4
701,odor,OR5B12,A0A126GWS6
702,odor,OR2T8,A0A126GWC5
703,odor,OR2J3,A0A126GWH0
704,odor,OR51A4,B9EIP2
705,odor,OR4C3,A0A126GW65
706,odor,OR6K6,A0A126GVT9
707,odor,OR4L1,A0A126GVN7
708,odor,OR52L2,A0A126GVF1
709,odor,OR10A6,A0A126GWF7
710,odor,OR4D6,A0A126GVK4
711,odor,OR2F1,A0A126GWK4
712,odor,OR1I1,A0A126GW67
713,odor,,A0A1U9X894
714,odor,OR6B3,I0EZ58
715,odor,OR5M8,A0A126GWD6
716,odor,OR2J1,A0A126GVX8
717,odor,OR4P4,A0A126GVG7
718,odor,OR5D14,A0A126GWM1
719,odor,OR4K2,A0A126GVP5
720,odor,OR10A6,A0A126GVN8
721,odor,,Q8NGP7
722,odor,OR6B1,A0A126GVJ0
723,odor,OR5A1,A0A126GVF4
724,odor,OR2A1,H9XFB1
725,odor,OR51E2,E9PPJ8
726,odor,,Q86UG7
727,odor,OR16-37,O43872
728,odor,OR4N2,A0A126GWL0
729,odor,OR2J3,A0A140T964
730,odor,,A0A1U9X844
731,odor,OR5H1,A0A126GW79
732,odor,OR6S1,A0A126GVT1
733,odor,OR4D1,A0A126GW37
734,odor,OR2M2,A0A126GWJ9
735,odor,OR5D14,A0A126GVQ7
736,odor,OR2L8,B9EIN6
737,odor,OR4K14,A0A126GVP2
738,odor,OR10A6,A0A126GWG5
739,odor,OR8B8,A0A126GW73
740,odor,OR6K3,A0A126GV83
741,odor,OR8H1,A0A087X0G6
742,odor,OR5D3,O95220
743,odor,OR52Z1,A0A087X1Z4
744,odor,OR9G1,A0A126GWM7
745,odor,OR4F14,A0A126GV89
746,odor,OR52E6,A0A126GVK5
747,odor,"OLFR 42A",O43624
748,odor,,Q6IEX5
749,odor,OR6M1,A0A126GVK2
750,odor,OR2A2,A0A126GW45
751,odor,OR6S1,A0A126GWN5
752,odor,,Q8NGV4
753,odor,,Q6IFB0
754,odor,,Q52R92
755,odor,OR1I1,B2RU23
756,odor,OR56B1,A0A126GVH9
757,odor,OR4F17,A0A126GWN0
758,odor,OR2AJ1,A0A126GW62
759,odor,OR2A25,A0A126GWK2
760,odor,OR52P1,A0A126GVN1
761,odor,OR5H6,A0A126GV91
762,odor,OR8B4,A0A126GVP3
763,odor,OR1N1,A0A126GW31
764,odor,,Q86UG6
765,odor,OR8H1,A0A126GVW6
766,odor,OR4N5,A0A126GWI6
767,odor,OR14K1,A0A126GV77
768,odor,OR52N2,A0A126GWF5
769,odor,OR10Q1,B9EIL7
770,odor,OR5B17,A0A126GVL8
771,odor,OR13C9,A0A126GVC2
772,odor,OR6V1,A0A126GWQ4
773,odor,,Q05CQ2
774,odor,OR52K1,A0A126GWM4
775,odor,OR4N2,A0A126GWI9
776,odor,OR14A2,A0A126GV78
777,odor,OR13C2,A0A126GWR7
778,odor,OR8K3,A0A126GVJ3
779,odor,OR5A1,A0A126GW75
780,odor,OR2C1,A0A126GW22
781,odor,OR2T3,A0A126GVW5
782,odor,"OR9A2 tcag7.1024",A4D2H9
783,odor,OR16-88,O43873
784,odor,OR2J3,A0A126GWU8
785,odor,OR8H2,A0A087WZH1
786,odor,OR8B2,A0A126GVQ4
787,odor,,A0A1U9X881
788,odor,,A0A1U9X8A9
789,odor,OR5T1,A0A126GVL6
790,odor,OR1D2,A0A126GWN1
791,odor,OR6C1,A0A126GW04
792,odor,OR5L1,A0A126GWQ2
793,odor,OR52N2,B9EIL8
794,odor,OR4C15,A0A126GVX1
795,odor,OR1N1,A0A087WXB1
796,odor,OR6F1,A0A126GWN2
797,odor,OR2B11,A0A126GWG4
798,odor,OR2Z1,A0A126GVT8
799,odor,OR9A4,A0A126GVB1
800,odor,OR7D4,A0A126GVR1
801,odor,OR51A4,A0A126GVF3
802,odor,OR3A1,A0A126GWJ3
803,odor,"OLFR 42A",O43625
804,odor,,Q8NHD6
805,odor,OR5R1,A0A126GVI0
806,odor,OR7C1,A0A126GWU6
807,odor,OR1N2,A0A087X0D1
808,odor,OR2C1,A0A126GVY2
809,odor,OR51A2,A0A126GWD5
810,odor,OR7C1,A0A126GWV8
811,odor,OR17-137,O43878
812,odor,,Q6IFM2
813,odor,OR11A1,A2RRF6
814,odor,,Q8NH14
815,odor,OR4C6,A0A126GVN0
816,odor,OR1M1,A0A126GVI5
817,odor,OR4E1,A0A126GWU0
818,odor,OR7D4,A0A126GWT1
819,odor,,A0A1U9X880
820,odor,OR10Q1,A0A126GVI6
821,odor,OR5AU1,A0A126GW30
822,odor,OR52E8,A0A126GVH0
823,odor,OR1D2,A0A126GWN6
824,odor,"OLFR 42B",O43626
825,odor,OR2F1,A0A126GWI1
826,odor,,Q86UG9
827,odor,OR10C1,A0A140TA55
828,odor,"OR2M7 N",A0A126GVZ1
829,odor,OR7G2,A0A126GWN7
830,odor,OR5D14,A0A126GWL4
831,odor,OR17-15,O43879
832,odor,,Q6IFI8
833,odor,OR6T1,A0A126GVI2
834,odor,OR6C74,A0A126GW13
835,odor,OR13C7,A0A126GVA0
836,odor,,Q8NH68
837,odor,OR10A3,A0A126GVZ2
838,odor,OR5A2,A0A126GVD5
839,odor,OR2T1,A0A126GWM2
840,odor,,Q6IFR1
841,odor,OR51E1,A0A126GWC7
842,odor,OR2B8,A0A126GVB6
843,odor,OR2H2,A0A126GVA2
844,odor,,Q8IXD9
845,odor,OR5AL1,A0A126GWL2
846,odor,OR10X1,A0A126GVW1
847,odor,OR51I1,A0A126GWE7
848,odor,OR4K1,A0A126GVR2
849,odor,OR2T1,A0A126GVY3
850,odor,OR9G1,A0A126GWM9
851,odor,,Q8NH75
852,odor,OR8J1,A0A126GW97
853,odor,OR2T2,A0A126GWE6
854,odor,,Q8NGX7
855,odor,OR5W2,A0A126GW80
856,odor,OR9A2,A0A126GVB2
857,odor,OR6N2,A0A126GV57
858,odor,PJCG1,Q8WZ87
859,odor,,Q6IEZ2
860,odor,OR5C1,A0A126GW42
861,odor,OR6S1,A0A126GWQ0
862,odor,OR2L3,A0A126GWB4
863,odor,,Q86UG8
864,odor,,A0A1U9X877
865,odor,OR1N1,A0A126GWH7
866,odor,OR2B11,A0A126GWG0
867,odor,OR2F1,A0A126GV98
868,odor,OR51E1,E9PKL6
869,odor,OR5T1,A0A126GW11
870,odor,OR7-140,O43887
871,odor,,Q9H2C6
872,odor,OR14J1,A0A126GVW3
873,odor,OR2F2,B2RNC7
874,odor,OR7C1,A0A126GWS9
875,odor,OR10A4,A0A126GWA1
876,odor,OR10A2,A0A126GVI7
877,odor,OR52I2,A0A126GVX7
878,odor,OR2C3,A0A126GW27
879,odor,,Q6IFA1
880,odor,,B3KVN8
881,odor,OR8B12,A0A126GWS7
882,odor,,Q6IFL7
883,odor,,Q8NGE6
884,odor,OR6F1,A0A126GWL5
885,odor,OR8D4,A0A126GV90
886,odor,OR9G1,A0A126GWM8
887,odor,,Q8NH44
888,odor,OR10J1,A0A126GWQ9
889,odor,OR7D4,A0A126GWD3
890,odor,OR5B21,A0A126GW90
891,odor,OR10AG1,A0A126GVM8
892,odor,OR2T5,A0A126GV85
893,odor,OR14A16,A0A126GV53
894,odor,OR3A1,A0A087X1K4
895,odor,OR13C5,A0A126GW47
896,odor,OR13F1,A0A126GVA8
897,odor,OR6X1,A0A126GVM0
898,odor,OR7A10,A0A126GVC8
899,odor,OR5K3,A0A126GWB6
900,odor,,Q8NH47
901,odor,,Q8NH96
902,odor,OR1L8,A0A126GVC5
903,odor,OR1D2,A0A126GWN9
904,odor,OR4A5,B9EIN5
905,odor,OR5M10,A0A126GVF6
906,odor,OR10A2,A0A126GW72
907,odor,OR2A25,A0A126GVV5
908,odor,OR4N4,A0A126GVN2
909,odor,OR51M1,A0A126GVC6
910,odor,,A0A1U9X855
911,odor,OR52B2,A0A126GVK7
912,odor,OR2AG2,B9EIM0
913,odor,,Q8NG79
914,odor,OR2M2,A0A126GW69
915,odor,OR1N2,A0A126GW94
916,odor,OR1C1,A0A126GV94
917,odor,OR1J4,A3KME5
918,odor,,Q6IFK7
919,odor,OR4F4,A0A126GWD4
920,odor,OR51H1,A0A126GVH7
921,odor,OR10C1,A0A126GVZ5
922,odor,OR2M3,A0A126GV67
923,odor,OR8U8,A0A126GW66
924,odor,OR4P4,A0A126GVX4
925,odor,OR8I2,A0A126GVJ9
926,odor,OR13F1,B9EIM5
927,odor,tpcr24,Q15616
928,odor,OR2D3,A0A126GW08
929,odor,OR2Y1,A0A126GVA6
930,odor,OR2T1,A0A126GW40
931,odor,PJCG2,Q8WZ85
932,odor,OR52E5,A0A126GVC3
933,odor,OR6B2,I0EZ57
934,odor,OR52K1,A0A126GWP0
935,odor,OR5D14,A0A126GWL9
936,odor,OR51T1,A0A0C4DFX5
937,odor,OR2T6,A0A126GW03
938,odor,OR4K3,A0A126GVQ8
939,odor,OR51B2,Q17R53
940,odor,OR4M1,A0A126GWC3
941,odor,OR2T32,A0A126GWP8
942,odor,OR51F2,A0A126GVT6
943,odor,,Q8NH24
944,odor,OR6C6,A0A126GW15
945,odor,,A0A1U9X883
946,odor,,A0A1U9X884
947,odor,,Q52R94
948,odor,OR4F17,A0A126GVH1
949,odor,,Q6IFI9
950,odor,,Q8NH62
951,odor,OR7-139,O43886
952,odor,OR5AL1,A0A126GVW9
953,odor,OR2A5,A0A126GW49
954,odor,OR2S2,A0A126GW56
955,odor,OR16-36,O43871
956,odor,,A0A1U9X848
957,odor,OR52E6,J3KPH0
958,odor,OR13A1,A0A126GW17
959,odor,OR2T34,B9EGY8
960,odor,OR11H6,A0A126GW52
961,odor,OR4F16,A0A126GV92
962,odor,"OLFR 17-210",Q9UM77
963,odor,OR1D2,A0A126GWP7
964,odor,OR5AU1,A0A126GVW7
965,odor,OR10X1,A0A126GWA4
966,odor,OR2V1,A0A126GWQ1
967,odor,OR11H4,A0A126GW19
968,odor,OR1J1,A0A126GWP9
969,odor,OR6F1,A0A126GV68
970,odor,OR51F1,A0A126GWK7
971,odor,OR4D1,A0A126GVS4
972,odor,OR9G1,A0A126GWM5
973,odor,OR9K2,A0A126GW01
974,odor,OR5P3,A0A126GVE6
975,odor,OR6B3,A0A126GW38
976,odor,OR10R2,A0A126GVU0
977,odor,OR4A16,B9EIN3
978,odor,,Q6IFM7
979,odor,OR2A1,H9XFB0
980,odor,,Q6IFR3
981,odor,OR13C3,A0A126GVY1
982,odor,OR13C3,A0A126GVY9
983,odor,OR10AD1,A0A126GWC9
984,odor,OR6C75,A0A126GW92
985,odor,OR2A1,H9XFB2
986,odor,OR2J3,A0A126GWT6
987,odor,,Q52R93
988,odor,OR4K15,A0A126GWD1
989,odor,OR4C3,A0A126GVR6
990,odor,OR7D2,A0A126GVY4
991,odor,OR52L1,A0A126GVE0
992,odor,OR5K2,A0A126GVB4
993,odor,OR2AT4,A0A126GWB1
994,odor,OR2C1,A0A126GVX2
995,odor,OR6C68,A0A126GW23
996,odor,OR10Z1,A0A126GV63
997,odor,OR8B3,A0A126GWT8
998,odor,OR10A5,A0A126GWR0
999,odor,OR5K1,A0A126GWC1
1000,odor,,Q8NH36
1001,odor,OR2A14,A0A126GVB0
1002,odor,OR7G1,A0A126GVS6
1003,odor,OR2C1,A0A126GVU4
1004,odor,OR8K5,A0A126GVE4
1005,odor,OR14L1,A0A126GV55
1006,odor,OR14A16,A0A126GWP4
1007,odor,,Q8NH29
1008,odor,,A0A1U9X851
1009,odor,OR11G2,A0A126GWS8
1010,odor,OR4C3,A0A087X172
1011,odor,OR5D18,A0A126GVI8
1012,odor,OR7A5,A0A126GW60
1013,odor,OR14A2,A0A126GWG2
1014,odor,OR1E2,A0A126GW63
1015,odor,OR4F21,A0A126GWE2
1016,odor,,Q96R43
1017,odor,OR2J2,A0A126GW07
1018,odor,OR2B11,A0A126GVY5
1019,odor,OR8U1,A0A126GVR7
1020,odor,OR4A47,B9EIM4
1021,odor,OR6C70,A0A126GW26
1022,odor,OR51V1,A0A126GWQ7
1023,odor,OR51I2,B9EIL6
1024,odor,,Q6IEV0
1025,odor,OR2AK2,A0A126GVZ3
1026,odor,OR2B11,A0A126GWH8
1027,odor,OR5AL1,A0A126GWL7
1028,odor,,Q8NG73
1029,odor,OR2T29,A0A126GWF8
1030,odor,,O43789
1031,odor,OR16-89,O43874
1032,odor,OR2A1,A0A126GVC1
1033,odor,,Q8NGF2
1034,odor,OR17-130,O43876
1035,odor,OR5B2,A0A126GVM9
1036,odor,OR5H15,A0A1X7SC13
1037,odor,OR51E1,A0A126GWG9
1038,odor,OR52N4,A0A126GVF0
1039,odor,OR8G5,B2RND4
1040,odor,OR2G3,A0A126GVX0
1041,odor,OR2A25,A0A126GWJ6
1042,odor,OR4F5,A0A126GWG7
1043,odor,OR1E5,A0A126GVS0
1044,odor,OR4C16,A0A126GVL7
1045,odor,JCG4,Q8WZ86
1046,odor,OR2W3,B2RUT5
1047,odor,OR5H14,A0A126GW51
1048,odor,OR9I1,A0A126GVJ4
1049,odor,OR4N2,G3V4W1
1050,odor,OR14J1,A0A126GWQ8
1051,odor,OR5K4,A0A126GWS2
1052,odor,OR2T35,A0A126GWB5
1053,odor,OR4Q2,A0A087X1L2
1054,odor,OR6C4,A0A126GW33
1055,odor,OR51L1,A0A126GWD9
1056,odor,HSA10,Q9NZP4
1057,odor,OR56A5,A0A087WUB2
1058,odor,OR5T2,A0A126GW02
1059,odor,OR13J1,A0A126GVC0
1060,odor,OR4X1,A0A126GVZ7
1061,odor,OR6C65,A0A126GW71
1062,odor,,Q6IEV1
1063,odor,,Q6IEW6
1064,odor,OR8S1,A0A126GVT4
1065,odor,OR4K2,A0A126GWK6
1066,odor,OR5H1,A0A126GW64
1067,odor,OR3A4,A0A126GWD7
1068,odor,OR5D13,A0A126GVI1
1069,odor,OR8D1,A0A126GVG6
1070,odor,OR7D4,A0A126GWS3
1071,odor,OR6C74,B9EIN9
1072,odor,OR52I1,A0A126GWB9
1073,odor,OR4C15,A0A126GW29
1074,odor,OR6C2,A0A126GW05
1075,odor,OR2W3,A0A126GWA8
1076,odor,,Q9H2C7
1077,odor,OR2G3,A0A126GVV3
1078,odor,OR7C1,A0A126GVQ1
1079,odor,OR2F1,A0A126GWI5
1080,odor,"OLFR 42B",O43627
1081,odor,OR5M1,A0A126GVL1
1082,odor,OR1J4,A0A126GW06
1083,odor,OR9Q1,A0A126GWR3
1084,odor,,Q6IF01
1085,odor,OR16-90,O43875
1086,odor,OR14A16,A0A126GWM6
1087,odor,HSA12,Q9NZP3
1088,odor,HPFH6OR,Q9NSC9
1089,odor,OR8U9,A0A126GW36
1090,odor,OR51G1,A0A126GVV7
1091,odor,OR2J3,A0A126GWU7
1092,odor,OR5H6,A0A087WX40
1093,odor,OR4A15,A0A126GVM3
1094,odor,LOC105369274,A0A096LPK9
1095,odor,OR6K6,A0A126GW14
1096,odor,OR2T10,A0A126GV79
1097,odor,OR2B3,A0A126GV76
1098,odor,OR52B4,B2RU22
1099,odor,OR5D14,A0A126GWL3
1100,odor,,A0A1U9X874
1101,odor,OR4N2,G3V3W5
